"AVG(life_span)";"fish_size"
14.36715867158673;"big"
14.142344497607652;"really small"
14.340726577437842;"really big"
14.59245647969053;"small"
