"AVG(life_span)";"Gender"
14.403078450844083;"FALSE"
14.374406604747154;"TRUE"
12.929166666666662;""
