"AVG(life_span)";"habitat"
14.2243842364532;"ponds"
13.82389610389612;"idlewater"
14.218421052631575;"lakes"
14.756455696202533;"rivers"
14.832323232323219;"slowmovingwaters"
