"AVG(life_span)";"color"
14.549065420560744;"Reddish_Orange"
14.990909090909087;"Calico"
13.741578947368424;"White"
14.246249999999998;"Orange"
14.570833333333333;"Red_and_Silver"
13.868202764976958;"Black_and_Orange"
14.762655601659755;"Yellow"
14.00312500000001;"Red_and_White_Bi_Color"
14.449805447470816;"Green_and_Chocolate"
