"AVG(life_span)";"weight"
14.25076923076923;"low"
13.598583569405104;"really low"
15.066444073455758;"intermediate"
14.214254859611229;"high"
