"AVG(life_span)";"acidity"
14.6831797235023;"really low ph"
14.526800000000001;"low ph"
14.233959044368595;"high ph"
14.095833333333344;"intermediate ph"
